{
  "resources": [
    "square.ogg",
    "square.m4a",
    "square.mp3",
    "square.ac3"
  ],
  "spritemap": {
    "black": {
      "start": 0,
      "end": 0.46439909297052157,
      "loop": false
    },
    "blue": {
      "start": 2,
      "end": 2.461519274376417,
      "loop": false
    },
    "red": {
      "start": 4,
      "end": 4.463174603174603,
      "loop": false
    },
    "orange": {
      "start": 6,
      "end": 6.461927437641723,
      "loop": false
    },
    "brown": {
      "start": 8,
      "end": 8.46358276643991,
      "loop": false
    },
    "green": {
      "start": 10,
      "end": 10.462743764172336,
      "loop": false
    }
  }
}