{
  "urls": [
    "square.ogg",
    "square.m4a",
    "square.mp3",
    "square.ac3"
  ],
  "sprite": {
    "black": [
      0,
      2020.2267573696147
    ],
    "blue": [
      4000,
      2003.378684807256
    ],
    "red": [
      8000,
      2006.7346938775509
    ],
    "orange": [
      12000,
      2013.4920634920625
    ],
    "brown": [
      16000,
      2000
    ],
    "green": [
      19000,
      2003.378684807256
    ]
  }
}