{
  "urls": [
    "square.ogg",
    "square.m4a",
    "square.mp3",
    "square.ac3"
  ],
  "sprite": {
    "black": [
      0,
      464.39909297052156
    ],
    "blue": [
      2000,
      461.5192743764172
    ],
    "red": [
      4000,
      463.17460317460313
    ],
    "orange": [
      6000,
      461.92743764172303
    ],
    "brown": [
      8000,
      463.5827664399095
    ],
    "green": [
      10000,
      462.7437641723358
    ]
  }
}