{
  "urls": [
    "line.ogg",
    "line.m4a",
    "line.mp3",
    "line.ac3"
  ],
  "sprite": {
    "black": [
      0,
      2001.0884353741499
    ],
    "blue": [
      4000,
      2001.0884353741503
    ],
    "red": [
      8000,
      1999.20634920635
    ],
    "orange": [
      11000,
      2002.9705215419503
    ],
    "brown": [
      15000,
      2006.7346938775509
    ],
    "green": [
      19000,
      1999.20634920635
    ]
  }
}