{
  "urls": [
    "triangle.ogg",
    "triangle.m4a",
    "triangle.mp3",
    "triangle.ac3"
  ],
  "sprite": {
    "black": [
      0,
      2003.3786848072564
    ],
    "blue": [
      4000,
      2003.378684807256
    ],
    "red": [
      8000,
      2003.378684807256
    ],
    "orange": [
      12000,
      2000
    ],
    "brown": [
      15000,
      2000
    ],
    "green": [
      18000,
      2010.1133786848068
    ]
  }
}