{
  "urls": [
    "other.ogg",
    "other.m4a",
    "other.mp3",
    "other.ac3"
  ],
  "sprite": {
    "black": [
      0,
      1537.4603174603174
    ],
    "blue": [
      3000,
      1534.9433106575966
    ],
    "red": [
      6000,
      2010.8163265306125
    ],
    "orange": [
      10000,
      2010.8163265306125
    ],
    "brown": [
      14000,
      2007.7097505668924
    ],
    "green": [
      18000,
      2007.7097505668924
    ]
  }
}