{
  "resources": [
    "circle.ogg",
    "circle.m4a",
    "circle.mp3",
    "circle.ac3"
  ],
  "spritemap": {
    "black": {
      "start": 0,
      "end": 0.47634920634920636,
      "loop": false
    },
    "blue": {
      "start": 2,
      "end": 2.477981859410431,
      "loop": false
    },
    "red": {
      "start": 4,
      "end": 4.477573696145125,
      "loop": false
    },
    "orange": {
      "start": 6,
      "end": 6.477573696145125,
      "loop": false
    },
    "brown": {
      "start": 8,
      "end": 8.478004535147392,
      "loop": false
    },
    "green": {
      "start": 10,
      "end": 10.477165532879818,
      "loop": false
    }
  }
}