{
  "urls": [
    "circle.ogg",
    "circle.m4a",
    "circle.mp3",
    "circle.ac3"
  ],
  "sprite": {
    "black": [
      0,
      2003.3786848072564
    ],
    "blue": [
      4000,
      2000
    ],
    "red": [
      7000,
      2000
    ],
    "orange": [
      10000,
      2013.4920634920625
    ],
    "brown": [
      14000,
      2010.1133786848068
    ],
    "green": [
      18000,
      2006.7346938775509
    ]
  }
}