{
  "urls": [
    "circle.ogg",
    "circle.m4a",
    "circle.mp3",
    "circle.ac3"
  ],
  "sprite": {
    "black": [
      0,
      476.3492063492064
    ],
    "blue": [
      2000,
      477.981859410431
    ],
    "red": [
      4000,
      477.57369614512515
    ],
    "orange": [
      6000,
      477.57369614512515
    ],
    "brown": [
      8000,
      478.0045351473916
    ],
    "green": [
      10000,
      477.1655328798179
    ]
  }
}